{
    "prompt-savn":
    {
        "eval":
        {
            "joint":
            [
                [
                    0.45633306211011665,
                    0.5359370762137239,
                    0.5504475183075671,
                    0.5573637103336045,
                    0.5581773799837266
                ],
                [
                    0.4816924328722539,
                    0.5311906699213452,
                    0.5401410360726878,
                    0.5477352861404936,
                    0.5565500406834825
                ],
                [
                    0.49959316517493896,
                    0.516680227827502,
                    0.5520748576078113,
                    0.5469216164903715,
                    0.5614320585842149
                ],
                [
                    0.5017629509085978,
                    0.5416327637645783,
                    0.5470572280987253,
                    0.5589910496338486,
                    0.553024138866287
                ],
                [
                    0.500406834825061,
                    0.5324111743965283,
                    0.5359370762137239,
                    0.5569568755085436,
                    0.5507187415242745
                ]
            ],
            "slot":
            [
                [
                    0.9679956604285327,
                    0.9747536389114908,
                    0.9761233161558629,
                    0.9769098634843143,
                    0.9768194557454118
                ],
                [
                    0.9700298345538378,
                    0.974577343820631,
                    0.9755175843052165,
                    0.9762137238947654,
                    0.9768510984540276
                ],
                [
                    0.971919356296899,
                    0.9735105325015821,
                    0.9764668655636922,
                    0.9762182442817106,
                    0.977271494439924
                ],
                [
                    0.9720504475183076,
                    0.9756260735918995,
                    0.9761730404122593,
                    0.976973148901546,
                    0.9767968538106861
                ],
                [
                    0.9717566223668747,
                    0.9745185787903444,
                    0.9752147183798933,
                    0.976864659614863,
                    0.9765889160112106
                ]
            ],
            "cls":
            [
                [
                    0.9734156043757346,
                    0.9789575987704547,
                    0.9798390742247537,
                    0.9802323478889793,
                    0.9802459090498147
                ],
                [
                    0.9749570563240213,
                    0.9785281620106682,
                    0.97951812675165,
                    0.9798978392550403,
                    0.9803905614320586
                ],
                [
                    0.9771087605098997,
                    0.9777777777777777,
                    0.9805080914926317,
                    0.9799475635114365,
                    0.9807295904529427
                ],
                [
                    0.9767245276195642,
                    0.979594973329717,
                    0.9800786547328452,
                    0.9804674080101257,
                    0.980404122592894
                ],
                [
                    0.9765527529156496,
                    0.9790254045746316,
                    0.9789530783835096,
                    0.9805578157490281,
                    0.9802142663411988
                ]
            ],
            "max":
            [
                [
                    0.5051532411174396,
                    0.5866558177379984,
                    0.5991320857065365,
                    0.6014374830485489,
                    0.602251152698671
                ],
                [
                    0.5294277190127475,
                    0.5782478980200705,
                    0.5901817195551939,
                    0.5965554651478167,
                    0.6021155410903173
                ],
                [
                    0.5551939245999458,
                    0.5653647952264714,
                    0.6052346080824519,
                    0.5975047464062924,
                    0.6082180634662328
                ],
                [
                    0.5535665852997017,
                    0.5901817195551939,
                    0.5987252508814754,
                    0.6065907241659886,
                    0.6030648223487931
                ],
                [
                    0.5512611879576892,
                    0.5844860320043396,
                    0.5834011391375101,
                    0.6052346080824519,
                    0.5980471928397071
                ]
            ]
        },
        "test":
        {
            "joint":
            [
                [
                    0.44109663409337674,
                    0.510314875135722,
                    0.5305374592833876,
                    0.5278230184581976,
                    0.5350162866449512
                ],
                [
                    0.4594191096634093,
                    0.5096362649294245,
                    0.5342019543973942,
                    0.5321661237785016,
                    0.5276872964169381
                ],
                [
                    0.47109120521172637,
                    0.4985070575461455,
                    0.5207654723127035,
                    0.5370521172638436,
                    0.5314875135722041
                ],
                [
                    0.4808631921824104,
                    0.5202225841476655,
                    0.5351520086862106,
                    0.5389522258414766,
                    0.5403094462540716
                ],
                [
                    0.46919109663409336,
                    0.5139793702497285,
                    0.5198154180238871,
                    0.5363735070575462,
                    0.5359663409337676
                ]
            ],
            "slot":
            [
                [
                    0.9653999276149113,
                    0.9723941368078176,
                    0.9738508867173362,
                    0.9736292073832791,
                    0.9743711545421643
                ],
                [
                    0.9668928700687658,
                    0.9721317408613825,
                    0.9737242128121607,
                    0.974466159971046,
                    0.9741223307998552
                ],
                [
                    0.9683767643865364,
                    0.9707880926529135,
                    0.9735522982265653,
                    0.9743802026782483,
                    0.9744887803112559
                ],
                [
                    0.9690689467969599,
                    0.9732310893955846,
                    0.9743032935215346,
                    0.9746109301483894,
                    0.9748552298226565
                ],
                [
                    0.9683631921824104,
                    0.9719462540716612,
                    0.9729008324285198,
                    0.9741675714802751,
                    0.9744163952225842
                ]
            ],