{"freeze_prompt-savn": {"eval": {"joint": [[0.013967995660428533, 0.013967995660428533, 0.013967995660428533, 0.013967995660428533, 0.013967995660428533], [0.013967995660428533, 0.013967995660428533, 0.013967995660428533, 0.013967995660428533, 0.013967995660428533], [0.013967995660428533, 0.013967995660428533, 0.013967995660428533, 0.013967995660428533, 0.013967995660428533], [0.013967995660428533, 0.013967995660428533, 0.022782750203417412, 0.03553024138866287, 0.037564415513968], [0.013967995660428533, 0.028749660970979116, 0.05261730404122593, 0.06550040683482507, 0.06414429075128832], [0.015730946569026308, 0.06211011662598318, 0.07323026851098453, 0.07146731760238677, 0.07377271494439924], [0.02698671006238134, 0.05560075942500678, 0.07011120151885002, 0.09235150528885272, 0.091402224030377], [0.07485760781122865, 0.1762950908597776, 0.23962571196094384, 0.2752915649579604, 0.2884458909682669], [0.1304583672362354, 0.2847843775427177, 0.3241117439652834, 0.34567398969351776, 0.355166802278275], [0.22620016273393004, 0.34730132899376187, 0.37889883374016814, 0.39815568212639, 0.39978302142663413]], "slot": [[0.814316065455203, 0.814316065455203, 0.8143205858421481, 0.814316065455203, 0.8143205858421481], [0.814316065455203, 0.814316065455203, 0.814316065455203, 0.814316065455203, 0.8144787993852274], [0.814316065455203, 0.8141668926860139, 0.8145240032546786, 0.8173130819998192, 0.8176249886990327], [0.8141849742337944, 0.8202016092577524, 0.8422836994846759, 0.8604466142301781, 0.8628876231805442], [0.8152563059397885, 0.8608398878944038, 0.8736642256577163, 0.8813127203688635, 0.8834418226200162], [0.8386945122502486, 0.8822529608534491, 0.8929255944308833, 0.8953575626073592, 0.8982596510261278], [0.8595018533586475, 0.8882424735557364, 0.8983952626344816, 0.903580146460537, 0.9051035168610433], [0.8969442184250972, 0.9268375372931923, 0.9395217430612061, 0.9434002350601212, 0.9454072868637555], [0.9188816562697767, 0.9448241569478347, 0.9496428894313353, 0.9531687912485308, 0.9540728686375554], [0.9379893318868096, 0.9535213814302504, 0.9568077027393544, 0.9587243468040865, 0.9592532320766658]], "cls": [[0.814316065455203, 0.814316065455203, 0.8143205858421481, 0.814316065455203, 0.8143205858421481], [0.814316065455203, 0.814316065455203, 0.814316065455203, 0.814316065455203, 0.8145285236416238], [0.814316065455203, 0.8152517855528433, 0.8146234517674713, 0.8198851821715939, 0.8207033722086611], [0.8143477081638189, 0.8233477985715577, 0.8604285326823976, 0.8818596871892234, 0.8828858150257662], [0.8165762589277642, 0.8802323478889793, 0.8967181990778411, 0.9041949190850737, 0.9069568755085435], [0.8561522466323117, 0.9040773890245005, 0.9179097730765754, 0.9204818732483501, 0.9225793327908869], [0.8810731398607721, 0.9103471657173854, 0.921806346623271, 0.9259153783563873, 0.9283428261459181], [0.9208435042039599, 0.9468176475906338, 0.9576168520025314, 0.9601482686918, 0.9622186059126662], [0.9404574631588464, 0.9616535575445259, 0.964872073049453, 0.9670735014917277, 0.9679549769460266], [0.9558900641894946, 0.9675843052165265, 0.9695506735376548, 0.9709158303950818, 0.9716029292107404]], "max": [[0.013967995660428533, 0.013967995660428533, 0.013967995660428533, 0.013967995660428533, 0.013967995660428533], [0.013967995660428533, 0.013967995660428533, 0.013967995660428533, 0.013967995660428533, 0.013967995660428533], [0.013967995660428533, 0.013967995660428533, 0.013967995660428533, 0.013967995660428533, 0.013967995660428533], [0.013967995660428533, 0.013967995660428533, 0.036208299430431246, 0.054651478166531056, 0.053295362082994305], [0.013967995660428533, 0.0478708977488473, 0.08638459452129102, 0.1000813669650122, 0.09940330892324382], [0.02061296446975861, 0.10469216164903716, 0.10970979115812314, 0.11594792514239219, 0.12028749660970979], [0.0381068619473827, 0.08516409004610795, 0.11581231353403851, 0.14388391646324925, 0.1364252780037971], [0.11255763493355031, 0.26864659614863035, 0.3519121236777868, 0.38228912394901005, 0.39951179820992677], [0.1817195551939246, 0.397748847301329, 0.4342283699484676, 0.45375644155139677, 0.4641985353946298], [0.33211282885815024, 0.45728234336859236, 0.48182804448060756, 0.49959316517493896, 0.5065093572009765]]}, "test": {"joint": [[0.014522258414766558, 0.014522258414766558, 0.014522258414766558, 0.014522258414766558, 0.014522258414766558], [0.014522258414766558, 0.014522258414766558, 0.014522258414766558, 0.014522258414766558, 0.014522258414766558], [0.014522258414766558, 0.014522258414766558, 0.014522258414766558, 0.014522258414766558, 0.014522258414766558], [0.014522258414766558, 0.014522258414766558, 0.020901194353963082, 0.038273615635179156, 0.038137893593919656], [0.014522258414766558, 0.03623778501628665, 0.05849619978284473, 0.06568946796959826, 0.06555374592833876], [0.016693811074918567, 0.06555374592833876, 0.0727470141150923, 0.07776872964169382, 0.08211183496199782], [0.02768729641693811, 0.05374592833876222, 0.07899022801302931, 0.09704125950054289, 0.1000271444082519], [0.07994028230184581, 0.16680238870792616, 0.2271986970684039, 0.26248642779587406, 0.2759229098805646], [0.12907166123778502, 0.2681867535287731, 0.30822475570032576, 0.3246471226927253, 0.3353691639522258], [0.21254071661237786, 0.3243756786102063, 0.3530130293159609, 0.3691639522258415, 0.378257328990228]], "slot": [[0.8107356134636265, 0.8107356134636265, 0.8107084690553746, 0.8107356134636265, 0.8107175171914586], [0.8107356134636265, 0.8107356134636265, 0.8107356134636265, 0.8107356134636265, 0.810875859572928], [0.8106903727832067, 0.8107356134636265, 0.8109075280492218, 0.8134907709011944, 0.8140834238146941], [0.8105139341295693, 0.8170014477017734, 0.8429243575823381, 0.8618349619978285, 0.8640291349981903], [0.8119661599710459, 0.8646986970684039, 0.8752126311979732, 0.8823832790445169, 0.8845412595005429], [0.8384274339486066, 0.8834283387622149, 0.8930872240318495, 0.8953583061889251, 0.8987332609482447], [0.8613011219688744, 0.8876854867897214, 0.8986744480636989, 0.9035016286644951, 0.9045014477017734], [0.8965571842200507, 0.9243756786102063, 0.9357989504162143, 0.9406939920376403, 0.9426348172276511], [0.9169064422728918, 0.9416485703944988, 0.9466567137169744, 0.9496968874411871, 0.950538364096996], [0.9341748099891423, 0.9495204487875498, 0.9528863554107854, 0.9547909880564603, 0.9556731813246471]], "cls": [[0.8107356134636265, 0.8107356134636265, 0.8107084690553746, 0.8107356134636265, 0.8107175171914586], [0.8107356134636265, 0.8107356134636265, 0.8107356134636265, 0.8107356134636265, 0.8109120521172638], [0.8107084690553746, 0.8118530582699964, 0.8109708650018096, 0.8160875859572928, 0.817137169743033], [0.8106994209192906, 0.8201366268548679, 0.8626176257690915, 0.8854279768367717, 0.8858034744842562], [0.8133233803836409, 0.8857989504162143, 0.9006243213897936, 0.9075823380383641, 0.9103013029315961], [0.8578040173724213, 0.9068177705392689, 0.9204940282301846, 0.9228963083604778, 0.9254026420557365], [0.8849212812160695, 0.9118123416576185, 0.9245656894679696, 0.9280175533840029, 0.9302705392689106], [0.923647303655447, 0.9474484256243214, 0.9569987332609482, 0.9601384364820847, 0.9617490047050308], [0.9416757148027506, 0.9608125226203402, 0.964386536373507, 0.9659337676438654, 0.9666938110749186], [0.9548724212812161, 0.9660468693449149, 0.9682455664133188, 0.9693811074918567, 0.9700823380383641]],